route,label,canonical_path,shell,template,purpose,access,project_context,maturity,device,mobile_mode,priority,epic,owner_domain,primary_action,current_findings,desktop_text_chars,mobile_text_chars,unnamed_interactions,mobile_small_targets,target_outcome
/,메인으로 돌아가기,/,browse,editorial-landing,discover,public,none,stable,responsive,full,P2,E02-shells,catalog-discovery,새 작품 시작,no-critical-initial-render-finding,2204,1960,0,29,결과 선택→샘플·템플릿→자동 저장까지 한 흐름으로 시작하고 재방문자는 최근 작업을 우선 노출
/about,서비스 소개 기능과 운영 원칙,/about,docs,document,trust,public,none,stable,responsive,full,P2,E11-docs-trust,legal-support,관련 절 찾기,unnamed-interactions:1,3177,2930,1,30,서비스 소개 기능과 운영 원칙을 쉬운 말 요약·목차·갱신일·딥 링크·관련 행동이 있는 읽기 중심 문서로 재구성
/about/crawler,공개 데이터 수집 정책 자동수집 원칙·제외·중지 요청,/about/crawler,docs,document,trust,public,none,stable,responsive,full,P3,E11-docs-trust,legal-support,관련 절 찾기,no-critical-initial-render-finding,2535,2288,0,29,공개 데이터 수집 정책 자동수집 원칙·제외·중지 요청을 쉬운 말 요약·목차·갱신일·딥 링크·관련 행동이 있는 읽기 중심 문서로 재구성
/about/data,데이터 출처 공급자별 연결·이용 준비 상태,/about/data,docs,document,trust,public,none,stable,responsive,full,P2,E11-docs-trust,legal-support,관련 절 찾기,unnamed-interactions:2,8238,7991,2,31,데이터 출처 공급자별 연결·이용 준비 상태을 쉬운 말 요약·목차·갱신일·딥 링크·관련 행동이 있는 읽기 중심 문서로 재구성
/about/technology,기술과 신뢰 웹·2D·3D·저장·협업 기술과 신뢰 원칙,/about/technology,docs,document,trust,public,none,stable,responsive,full,P2,E11-docs-trust,legal-support,관련 절 찾기,visible-state:실패,3402,3155,0,29,기술과 신뢰 웹·2D·3D·저장·협업 기술과 신뢰 원칙을 쉬운 말 요약·목차·갱신일·딥 링크·관련 행동이 있는 읽기 중심 문서로 재구성
/about/workflow,웹툰 제작 과정 기획부터 저장·연재까지 단계별 제작 흐름,/about/workflow,docs,document,trust,public,none,stable,responsive,full,P2,E11-docs-trust,legal-support,관련 절 찾기,no-critical-initial-render-finding,3239,2972,0,29,웹툰 제작 과정 기획부터 저장·연재까지 단계별 제작 흐름을 쉬운 말 요약·목차·갱신일·딥 링크·관련 행동이 있는 읽기 중심 문서로 재구성
/accessibility,접근성 안내 키보드·스크린리더·표시 지원,/accessibility,docs,document,trust,public,none,stable,responsive,full,P2,E11-docs-trust,legal-support,관련 절 찾기,no-critical-initial-render-finding,1204,999,0,29,접근성 안내 키보드·스크린리더·표시 지원을 쉬운 말 요약·목차·갱신일·딥 링크·관련 행동이 있는 읽기 중심 문서로 재구성
/authors,작가별 보기 작가와 대표 작품 탐색,/authors,browse,collection,discover,public,none,stable,responsive,full,P2,E03-discovery-data,catalog-discovery,목록 탐색,no-critical-initial-render-finding,9896,9649,0,31,작가별 보기 작가와 대표 작품 탐색에 검색·필터·정렬·페이지/가상화·명확한 empty/error/갱신 상태를 제공
/brush-lab,브러시 연구실 브러시를 만들고 시험하기,/studio/assets/brushes/new,creator,immersive-editor,create,public,optional,stable,desktop-first,full,P2,E09-creator-editor,creator-studio,브러시 만들기,"unnamed-interactions:2; visible-state:없습니다,오류; redirect:/studio/assets/brushes/new",15053,14929,2,10,"브러시 연구실 브러시를 만들고 시험하기을 CreatorShell, 문서 보존, 능력 검사, 안전 모드와 명시적 모바일 정책으로 제공"
/calendar,연재 캘린더 요일별 신작과 연재 일정,/calendar,browse,collection,discover,public,none,stable,responsive,full,P2,E03-discovery-data,catalog-discovery,목록 탐색,mobile-small-targets:40,3763,2166,0,40,연재 캘린더 요일별 신작과 연재 일정에 검색·필터·정렬·페이지/가상화·명확한 empty/error/갱신 상태를 제공
/collaborate,구인·의뢰 웹툰 팀원 모집·작업 의뢰·작업자 홍보,/collaborate,browse,editorial-landing,connect,public,none,stable,responsive,full,P2,E04-community-collaboration,community,공고 찾기,no-critical-initial-render-finding,1514,1309,0,29,구인·의뢰 웹툰 팀원 모집·작업 의뢰·작업자 홍보의 결과를 한 문장과 하나의 주 행동으로 이해하고 실제 기능·다음 경로로 진입
/collaborate/new,구인·의뢰 등록 팀원 모집·작업 의뢰·작업자 홍보 등록,/collaborate/new,browse,workflow,connect,sign-in,none,stable,responsive,full,P2,E04-community-collaboration,community,공고 초안 작성,no-critical-initial-render-finding,743,538,0,30,구인·의뢰 등록 팀원 모집·작업 의뢰·작업자 홍보 등록을 단계형 자동 저장 흐름으로 완주하고 예상 조건·오류 위치·재개를 제공
/community,커뮤니티 창작과 감상을 함께 나누기,/community,browse,editorial-landing,connect,public,none,stable,responsive,full,P1,E04-community-collaboration,community,피드 보기,unnamed-interactions:2; mobile-small-targets:45; visible-state:없습니다,2357,2067,2,45,팔로잉 피드·토론·장르 카페·작품 홍보를 명확히 구획하고 작성 행동을 우선
/community/cafes,장르 카페 관심 장르별 모임과 대화,/community/cafes,browse,collection,connect,public,none,stable,responsive,full,P1,E04-community-collaboration,community,목록 탐색,unnamed-interactions:1; mobile-small-targets:59,1930,1637,1,59,"장르 카페 정체성, 활동·회원·주제 메타데이터, 검색·추천·개설 흐름"
/community/promote,작품 홍보 작품과 창작 활동을 커뮤니티에 소개,/community/promote,browse,editorial-landing,connect,public,none,stable,responsive,full,P2,E04-community-collaboration,community,작품 홍보 보기,unnamed-interactions:1,1875,1670,1,32,작품 홍보 작품과 창작 활동을 커뮤니티에 소개의 결과를 한 문장과 하나의 주 행동으로 이해하고 실제 기능·다음 경로로 진입
/community/promote/new,홍보 글 작성 새 작품·연재·창작 활동 홍보 글 작성,/community/promote/new,browse,workflow,connect,sign-in,none,stable,responsive,full,P2,E04-community-collaboration,community,홍보 초안 작성,unnamed-interactions:1,1415,1210,1,31,홍보 글 작성 새 작품·연재·창작 활동 홍보 글 작성을 단계형 자동 저장 흐름으로 완주하고 예상 조건·오류 위치·재개를 제공
/compare,작품 비교 두 작품의 주요 지표 비교,/compare,browse,comparison,discover,public,none,stable,responsive,full,P2,E03-discovery-data,catalog-discovery,비교 대상 선택,no-critical-initial-render-finding,1624,1377,0,29,"작품 비교 두 작품의 주요 지표 비교에서 빈 슬롯 검색, 기준별 차이·근거·차이만 보기·공유 링크를 제공"
/contact,광고·제휴 광고와 파트너십 문의,/contact,docs,document,connect,public,none,stable,responsive,full,P2,E11-docs-trust,legal-support,관련 절 찾기,unnamed-interactions:1; visible-state:오류,2330,2083,1,31,광고·제휴 광고와 파트너십 문의을 쉬운 말 요약·목차·갱신일·딥 링크·관련 행동이 있는 읽기 중심 문서로 재구성
/copyright,저작권 안내 콘텐츠·권리 정책,/copyright,docs,document,trust,public,none,stable,responsive,full,P3,E11-docs-trust,legal-support,관련 절 찾기,no-critical-initial-render-finding,1254,1049,0,30,저작권 안내 콘텐츠·권리 정책을 쉬운 말 요약·목차·갱신일·딥 링크·관련 행동이 있는 읽기 중심 문서로 재구성
/design,디자인 시스템 색상·타이포·컴포넌트 원칙,/design,docs,document,trust,public,none,stable,responsive,full,P2,E11-docs-trust,legal-support,관련 절 찾기,mobile-small-targets:45; visible-state:오류,3406,3201,0,45,디자인 시스템 색상·타이포·컴포넌트 원칙을 쉬운 말 요약·목차·갱신일·딥 링크·관련 행동이 있는 읽기 중심 문서로 재구성
/discover,찾기 검색·취향·추천에서 원하는 작품 발견,/discover,browse,editorial-landing,discover,public,none,stable,responsive,full,P2,E03-discovery-data,catalog-discovery,주요 경로 시작,no-critical-initial-render-finding,2160,1913,0,30,찾기 검색·취향·추천에서 원하는 작품 발견의 결과를 한 문장과 하나의 주 행동으로 이해하고 실제 기능·다음 경로로 진입
/discover/works,만화·작법서 탐색 만화와 창작 참고서를 함께 검색,/discover/works,browse,collection,discover,public,none,stable,responsive,full,P2,E03-discovery-data,catalog-discovery,목록 탐색,no-critical-initial-render-finding,2272,2025,0,29,만화·작법서 탐색 만화와 창작 참고서를 함께 검색에 검색·필터·정렬·페이지/가상화·명확한 empty/error/갱신 상태를 제공
/explore,취향 탐색 장르·태그·조건으로 작품 둘러보기,/explore,browse,search-results,discover,public,none,stable,responsive,full,P1,E03-discovery-data,catalog-discovery,조건으로 탐색,mobile-small-targets:118,1806,5945,0,118,기본 조건만 먼저 노출하고 고급 조건·적용 요약·결과 수를 점진 공개
/feedback,제보·제안 버그·아이디어·기능 요청,/feedback,docs,document,connect,public,none,stable,responsive,full,P2,E11-docs-trust,legal-support,제보·제안 작성,no-critical-initial-render-finding,1441,1018,0,39,중복 검색·투표·진행 상태가 있는 공개 버그·아이디어·기능 요청 보드
/fortune,사주·타로 운세 오늘의 운세·별자리·사주·궁합·타로·독서 처방,/fortune,browse,editorial-landing,discover,public,none,beta,responsive,full,P2,E03-discovery-data,catalog-discovery,주요 경로 시작,no-critical-initial-render-finding,2927,2704,0,35,사주·타로 운세 오늘의 운세·별자리·사주·궁합·타로·독서 처방의 결과를 한 문장과 하나의 주 행동으로 이해하고 실제 기능·다음 경로로 진입
/guide,랭킹 산정 방식 데이터와 산식 설명,/guide,docs,document,trust,public,none,stable,responsive,full,P2,E11-docs-trust,legal-support,관련 절 찾기,unnamed-interactions:1,4276,4029,1,32,랭킹 산정 방식 데이터와 산식 설명을 쉬운 말 요약·목차·갱신일·딥 링크·관련 행동이 있는 읽기 중심 문서로 재구성
/help,도움말,/help,docs,document,trust,public,none,stable,responsive,full,P2,E11-docs-trust,legal-support,관련 절 찾기,unnamed-interactions:1,2354,2110,1,31,도움말을 쉬운 말 요약·목차·갱신일·딥 링크·관련 행동이 있는 읽기 중심 문서로 재구성
/insights,트렌드 장르·플랫폼 흐름을 데이터로,/insights,browse,dashboard,discover,public,none,beta,responsive,full,P2,E03-discovery-data,catalog-discovery,다음 작업 열기,visible-state:오류,3886,3639,0,29,트렌드 장르·플랫폼 흐름을 데이터로에서 오늘 할 일·주의 상태·다음 행동을 먼저 보여주고 빈 상태에 샘플을 제공
/insights/resources,공식 자료·API 안내 데이터 출처와 연동 방법 확인,/insights/resources,browse,dashboard,discover,public,none,stable,responsive,full,P2,E03-discovery-data,catalog-discovery,다음 작업 열기,unnamed-interactions:2,8262,8015,2,31,공식 자료·API 안내 데이터 출처와 연동 방법 확인에서 오늘 할 일·주의 상태·다음 행동을 먼저 보여주고 빈 상태에 샘플을 제공
/learn,웹툰 제작 강좌 기초부터 Studio 실습까지,/learn,browse,editorial-landing,learn,public,none,stable,responsive,full,P1,E05-learning-research,creator-resources,학습 이어가기,unnamed-interactions:1; mobile-small-targets:48,6180,5930,1,48,"스킬 경로, 계속 학습, 예상 시간, 산출물, Studio 실습 연결을 우선"
/learn/glossary,웹툰 용어 사전 제작 용어와 예시 빠르게 찾기,/learn/glossary,browse,editorial-landing,learn,public,none,stable,responsive,full,P1,E05-learning-research,creator-resources,주요 경로 시작,unnamed-interactions:1; mobile-small-targets:69,5566,5322,1,69,검색·분류·이미지 예시·관련 강좌와 Studio 기능 연결
/learn/recipes,제작 레시피 연출을 직접 조작하며 학습,/learn/recipes,browse,editorial-landing,learn,public,none,stable,responsive,full,P2,E05-learning-research,creator-resources,주요 경로 시작,unnamed-interactions:6; visible-state:없습니다,2801,2557,6,34,제작 레시피 연출을 직접 조작하며 학습의 결과를 한 문장과 하나의 주 행동으로 이해하고 실제 기능·다음 경로로 진입
/learn/records,학습 기록 관리 진행 기록을 백업하고 복원,/learn/records,browse,editorial-landing,learn,public,none,stable,responsive,full,P2,E05-learning-research,creator-resources,주요 경로 시작,unnamed-interactions:2; visible-state:실패,1860,1666,2,30,학습 기록 관리 진행 기록을 백업하고 복원의 결과를 한 문장과 하나의 주 행동으로 이해하고 실제 기능·다음 경로로 진입
/learn/studio,Studio 실습 과정 배운 내용을 작업공간에서 따라 하기,/learn/studio,browse,editorial-landing,learn,public,none,stable,responsive,full,P2,E05-learning-research,creator-resources,실습 열기,unnamed-interactions:1,2411,2167,1,35,Studio 실습 과정 배운 내용을 작업공간에서 따라 하기의 결과를 한 문장과 하나의 주 행동으로 이해하고 실제 기능·다음 경로로 진입
/library,내 서재 저장한 작품과 취향을 한곳에서,/library,browse,collection,manage,sign-in,none,stable,responsive,full,P2,E07-personal-settings,account-personal,목록 탐색,no-critical-initial-render-finding,1565,1360,0,39,내 서재 저장한 작품과 취향을 한곳에서에 검색·필터·정렬·페이지/가상화·명확한 empty/error/갱신 상태를 제공
/market/browse,에셋 상세 탐색 종류·사용권으로 리소스 찾기,/market/browse,browse,collection,create,public,none,stable,responsive,full,P0,E00-route-stability,market,에셋 찾기,blank-or-no-content; desktop-h1-missing; mobile-h1-missing,0,0,0,0,데이터 실패에도 카테고리·검색·캐시·재시도·상태 안내가 남는 에셋 탐색
/market/compare,에셋 비교 후보 리소스의 차이 비교,/market/compare,browse,comparison,create,public,optional,stable,responsive,full,P2,E06-market,market,에셋 비교,no-critical-initial-render-finding,1934,1683,0,29,"에셋 비교 후보 리소스의 차이 비교에서 빈 슬롯 검색, 기준별 차이·근거·차이만 보기·공유 링크를 제공"
/market/fit,에셋 핏 랩 현재 작업에 맞는 에셋 점검,/market/fit,browse,comparison,create,public,optional,beta,responsive,full,P1,E06-market,market,프로젝트 적합성 검사,unnamed-interactions:1; mobile-small-targets:90,2603,6076,1,90,프로젝트 선택→호환성·권리·성능 근거→자동 수정·대체 에셋 흐름
/market/library,내 에셋 획득한 리소스 관리,/market/library,browse,collection,manage,sign-in,none,stable,responsive,full,P2,E06-market,market,설치한 에셋 관리,no-critical-initial-render-finding,872,671,0,29,내 에셋 획득한 리소스 관리에 검색·필터·정렬·페이지/가상화·명확한 empty/error/갱신 상태를 제공
/market/manage,판매·배포 관리 등록한 에셋과 배포 상태 관리,/market/manage,browse,collection,manage,sign-in,none,stable,responsive,full,P2,E06-market,market,목록 탐색,no-critical-initial-render-finding,856,655,0,29,판매·배포 관리 등록한 에셋과 배포 상태 관리에 검색·필터·정렬·페이지/가상화·명확한 empty/error/갱신 상태를 제공
/market/publish,에셋 등록 마켓에 리소스 제출·배포,/market/publish,browse,workflow,create,sign-in,none,stable,responsive,full,P2,E06-market,market,에셋 등록 시작,"unnamed-interactions:5; mobile-small-targets:40; visible-state:실패,오류",1991,1790,5,40,에셋 등록 마켓에 리소스 제출·배포을 단계형 자동 저장 흐름으로 완주하고 예상 조건·오류 위치·재개를 제공
/market/wishlist,찜한 에셋 나중에 사용할 리소스,/market/wishlist,browse,collection,manage,sign-in,none,stable,responsive,full,P2,E06-market,market,목록 탐색,no-critical-initial-render-finding,823,622,0,29,찜한 에셋 나중에 사용할 리소스에 검색·필터·정렬·페이지/가상화·명확한 empty/error/갱신 상태를 제공
/me,프로필·계정,/me,browse,dashboard,manage,sign-in,none,stable,responsive,full,P2,E07-personal-settings,account-personal,다음 작업 열기,no-critical-initial-render-finding,657,452,0,29,프로필·계정에서 오늘 할 일·주의 상태·다음 행동을 먼저 보여주고 빈 상태에 샘플을 제공
/music,음악·사운드 작품에 연결할 음원 만들기,/studio/assets/audio,creator,immersive-editor,create,public,optional,stable,desktop-first,full,P1,E09-creator-editor,creator-studio,오디오 작업 시작,desktop-h1-missing; unnamed-interactions:5; visible-state:준비 중; redirect:/studio/assets/audio,175,1479,5,12,"canonical 오디오 작업공간에서 skeleton timeout, 파형·루프·장면 연결·사용권을 제공"
/my,내 공간 작품·활동·프로필과 계정 관리,/my,browse,dashboard,manage,sign-in,none,stable,responsive,full,P2,E07-personal-settings,account-personal,오늘 할 일 열기,no-critical-initial-render-finding,1235,1030,0,29,내 공간 작품·활동·프로필과 계정 관리에서 오늘 할 일·주의 상태·다음 행동을 먼저 보여주고 빈 상태에 샘플을 제공
/news,업계 소식 웹툰·웹소설 관련 소식,/news,browse,collection,discover,public,none,stable,responsive,full,P2,E03-discovery-data,catalog-discovery,목록 탐색,mobile-small-targets:43,6164,5917,0,43,업계 소식 웹툰·웹소설 관련 소식에 검색·필터·정렬·페이지/가상화·명확한 empty/error/갱신 상태를 제공
/now,오늘의 영감 빈 화면의 부담을 줄이는 짧은 창작 시작,/now,browse,editorial-landing,create,public,none,stable,responsive,full,P2,E05-learning-research,creator-resources,주요 경로 시작,unnamed-interactions:5; mobile-small-targets:47,7577,7315,5,47,오늘의 영감 빈 화면의 부담을 줄이는 짧은 창작 시작의 결과를 한 문장과 하나의 주 행동으로 이해하고 실제 기능·다음 경로로 진입
/opportunities,창작 기회 공모전·지원사업·제작 기회,/opportunities,browse,collection,create,public,none,stable,responsive,full,P2,E05-learning-research,creator-resources,목록 탐색,no-critical-initial-render-finding,2303,2059,0,29,창작 기회 공모전·지원사업·제작 기회에 검색·필터·정렬·페이지/가상화·명확한 empty/error/갱신 상태를 제공
/play,놀이터 가볍게 즐기는 인터랙티브 콘텐츠,/play,browse,editorial-landing,discover,public,none,stable,responsive,full,P2,E02-shells,catalog-discovery,주요 경로 시작,mobile-small-targets:53,2872,2667,0,53,놀이터 가볍게 즐기는 인터랙티브 콘텐츠의 결과를 한 문장과 하나의 주 행동으로 이해하고 실제 기능·다음 경로로 진입
/privacy,개인정보처리방침 개인정보 처리 기준,/privacy,docs,document,trust,public,none,stable,responsive,full,P3,E11-docs-trust,legal-support,관련 절 찾기,no-critical-initial-render-finding,1750,1545,0,29,개인정보처리방침 개인정보 처리 기준을 쉬운 말 요약·목차·갱신일·딥 링크·관련 행동이 있는 읽기 중심 문서로 재구성
/publishing,연재·출판 준비 원고·권리·소개 자료 점검,/studio/publish,creator,workflow,create,public,none,stable,responsive,full,P0,E00-route-stability,creator-studio,게시 준비 열기,blank-or-no-content; desktop-h1-missing; mobile-h1-missing; redirect:/studio/publish; failed-request:www.toonstudio.cloud,0,0,0,0,alias를 제거하고 /studio/publish에서 프로젝트 선택·누락 점검·미리보기·게시를 완주
/random,랜덤 발견 조건에 맞는 작품 무작위 추천,/random,browse,editorial-landing,discover,public,none,stable,responsive,full,P2,E03-discovery-data,catalog-discovery,한 편 뽑기,no-critical-initial-render-finding,1624,1494,0,30,랜덤 발견 조건에 맞는 작품 무작위 추천의 결과를 한 문장과 하나의 주 행동으로 이해하고 실제 기능·다음 경로로 진입
/ranking,랭킹 기간과 지표별 인기 흐름,/ranking,browse,collection,discover,public,none,stable,responsive,full,P1,E03-discovery-data,catalog-discovery,랭킹 조건 적용,unnamed-interactions:153; mobile-small-targets:456; visible-state:오류,23682,20225,153,456,"카드/표 분리, 이름 있는 조작, 필터 고정, 가상화, 변화 이유·신뢰도 표시"
/read/spatial,공간형 웹툰 감상 준비한 컷을 공간형 또는 평면 화면으로 감상,/read/spatial,browse,reader,discover,public,none,experimental,responsive,full,P2,E03-discovery-data,catalog-discovery,샘플 감상 시작,unnamed-interactions:2,926,721,2,33,"공간형 웹툰 감상 준비한 컷을 공간형 또는 평면 화면으로 감상에 평면/공간 전환, reduced motion, 성능 폴백과 샘플을 제공"
/recommend,맞춤 추천 지금 취향에 맞는 작품,/recommend,browse,search-results,discover,public,none,stable,responsive,full,P1,E03-discovery-data,catalog-discovery,추천 받기,mobile-small-targets:83,1927,3097,0,83,"짧은 취향 설정, 추천 이유, 관심 없음·이미 봄 피드백과 다양성 제어"
/references,작품 레퍼런스 공식 자료 탐색과 연구 노트,/references,browse,editorial-landing,learn,public,none,stable,responsive,full,P2,E05-learning-research,creator-resources,레퍼런스 찾기,no-critical-initial-render-finding,2130,1761,0,34,작품 레퍼런스 공식 자료 탐색과 연구 노트의 결과를 한 문장과 하나의 주 행동으로 이해하고 실제 기능·다음 경로로 진입
/research,참고자료 출처가 있는 자료를 한곳에,/research,browse,editorial-landing,learn,public,optional,stable,responsive,full,P2,E05-learning-research,creator-resources,조사 질문 시작,unnamed-interactions:4; mobile-small-targets:43; visible-state:없습니다,6448,6204,4,43,참고자료 출처가 있는 자료를 한곳에의 결과를 한 문장과 하나의 주 행동으로 이해하고 실제 기능·다음 경로로 진입
/research/3d-assets,무료 3D 재료실 Poly Haven CC0 3D·HDRI·텍스처 검색,/research/3d-assets,browse,editorial-landing,learn,public,none,stable,responsive,full,P2,E05-learning-research,creator-resources,주요 경로 시작,no-critical-initial-render-finding,2285,2041,0,29,무료 3D 재료실 Poly Haven CC0 3D·HDRI·텍스처 검색의 결과를 한 문장과 하나의 주 행동으로 이해하고 실제 기능·다음 경로로 진입
/research/assets,레퍼런스 아틀라스 복식·소품·미술 자료를 장면별로,/research/assets,browse,editorial-landing,learn,public,none,stable,responsive,full,P2,E05-learning-research,creator-resources,주요 경로 시작,no-critical-initial-render-finding,3103,2859,0,29,레퍼런스 아틀라스 복식·소품·미술 자료를 장면별로의 결과를 한 문장과 하나의 주 행동으로 이해하고 실제 기능·다음 경로로 진입
/research/books,글로벌 판본 탐색 Open Library·Google Books·openBD 메타데이터 검색,/research/books,browse,editorial-landing,learn,public,none,stable,responsive,full,P2,E05-learning-research,creator-resources,주요 경로 시작,no-critical-initial-render-finding,2499,2255,0,29,글로벌 판본 탐색 Open Library·Google Books·openBD 메타데이터 검색의 결과를 한 문장과 하나의 주 행동으로 이해하고 실제 기능·다음 경로로 진입
/research/catalog,자료 카탈로그 출처가 확인된 창작 자료 모음,/research/catalog,browse,editorial-landing,learn,public,none,stable,responsive,full,P2,E05-learning-research,creator-resources,주요 경로 시작,no-critical-initial-render-finding,1807,1613,0,29,자료 카탈로그 출처가 확인된 창작 자료 모음의 결과를 한 문장과 하나의 주 행동으로 이해하고 실제 기능·다음 경로로 진입
/research/catalog/notebook,연구 노트 선택한 자료와 장면 아이디어 정리,/research/catalog/notebook,browse,editorial-landing,learn,public,none,stable,responsive,full,P2,E05-learning-research,creator-resources,주요 경로 시작,no-critical-initial-render-finding,1810,1616,0,29,연구 노트 선택한 자료와 장면 아이디어 정리의 결과를 한 문장과 하나의 주 행동으로 이해하고 실제 기능·다음 경로로 진입
/research/open-creation,오픈 창작 자료 자유롭게 활용할 수 있는 창작 자료 탐색,/research/open-creation,browse,editorial-landing,learn,public,none,stable,responsive,full,P2,E05-learning-research,creator-resources,주요 경로 시작,visible-state:없습니다,3009,2815,0,29,오픈 창작 자료 자유롭게 활용할 수 있는 창작 자료 탐색의 결과를 한 문장과 하나의 주 행동으로 이해하고 실제 기능·다음 경로로 진입
/research/packs,자료 팩 주제별 참고자료 묶음으로 바로 시작,/research/packs,browse,editorial-landing,learn,public,none,stable,responsive,full,P2,E05-learning-research,creator-resources,주요 경로 시작,visible-state:없습니다,4036,3842,0,29,자료 팩 주제별 참고자료 묶음으로 바로 시작의 결과를 한 문장과 하나의 주 행동으로 이해하고 실제 기능·다음 경로로 진입
/reviews,리뷰 작품을 깊게 읽고 기록하기,/reviews,browse,collection,connect,public,none,stable,responsive,full,P0,E00-route-stability,community,목록 탐색,blank-or-no-content; mobile-h1-missing; page-error; unnamed-interactions:1; visible-state:없습니다; failed-request:www.toonstudio.cloud,1865,0,1,0,모바일 오류를 제거하고 스포일러·정렬·빈 상태·작성 흐름을 지원
/search,작품 검색,/search,browse,search-results,discover,public,none,stable,responsive,full,P1,E03-discovery-data,catalog-discovery,검색 실행,mobile-small-targets:58,5240,4565,0,58,"작품·작가·태그·자료 탭, URL 필터, 모바일 시트, 저장 검색을 제공"
/settings,설정,/settings,browse,dashboard,manage,public,none,stable,responsive,full,P1,E07-personal-settings,account-personal,설정 찾기,unnamed-interactions:1; mobile-small-targets:53; visible-state:없습니다,3662,3457,1,53,"검색 가능한 범주, 변경 미리보기·되돌리기·기본값 복원과 위험 영역 분리"
/settings/ai,통합 AI 설정 모든 사용자 AI 연결과 키 보관함 관리,/settings/ai,browse,dashboard,manage,sign-in,none,stable,responsive,full,P1,E07-personal-settings,account-personal,AI 연결 추가,"unnamed-interactions:14; visible-state:실패,없습니다,오류",3402,3197,14,31,공급자·키·무료/유료·비용·우선순위·fallback·전송 범위의 단일 권위
/showcase,창작 갤러리 다른 창작자의 작품과 제작 흐름,/showcase,browse,editorial-landing,connect,public,none,stable,responsive,full,P2,E04-community-collaboration,community,주요 경로 시작,unnamed-interactions:1; visible-state:없습니다,2422,2175,1,37,창작 갤러리 다른 창작자의 작품과 제작 흐름의 결과를 한 문장과 하나의 주 행동으로 이해하고 실제 기능·다음 경로로 진입
/showcase/challenges,창작 챌린지 주제별 창작 이벤트,/showcase/challenges,browse,editorial-landing,connect,public,none,stable,responsive,full,P2,E04-community-collaboration,community,주요 경로 시작,unnamed-interactions:1; visible-state:없습니다,2149,1902,1,32,창작 챌린지 주제별 창작 이벤트의 결과를 한 문장과 하나의 주 행동으로 이해하고 실제 기능·다음 경로로 진입
/showcase/promo,프로모션 제작 작품 홍보용 이미지와 소재 만들기,/showcase/promo,creator,workflow,connect,public,optional,beta,desktop-first,review,P2,E04-community-collaboration,community,프로모션 초안 만들기,unnamed-interactions:11,3298,3036,11,33,프로모션 제작 작품 홍보용 이미지와 소재 만들기을 단계형 자동 저장 흐름으로 완주하고 예상 조건·오류 위치·재개를 제공
/sitemap,전체 작업 지도,/sitemap,docs,document,trust,public,none,stable,responsive,full,P1,E01-route-registry,legal-support,목적지 열기,unnamed-interactions:1,5009,4736,1,30,Route Registry 기반 검색·필터·최근 방문·즐겨찾기·상태 배지를 제공하는 제품 디렉터리
/story-lab,스토리 연구실 인물·욕망·갈등 설계,/story-lab,browse,editorial-landing,learn,public,optional,stable,responsive,full,P2,E05-learning-research,creator-resources,이야기 설계 시작,unnamed-interactions:8; visible-state:실패,2198,1954,8,29,스토리 연구실 인물·욕망·갈등 설계의 결과를 한 문장과 하나의 주 행동으로 이해하고 실제 기능·다음 경로로 진입
/studio,전문 드로잉 시작하기,/studio,creator,dashboard,create,public,optional,stable,responsive,full,P1,E08-creator-project,creator-studio,작업 이어가기,visible-state:없습니다,519,395,0,6,"최근 프로젝트 썸네일, 공유 작업, 복구 항목, 샘플·가져오기·새 작업을 우선"
/studio/3d/dcc/build,3D 공간 제작 방·배경·공간 구조 제작,/studio/3d/dcc/build,creator,immersive-editor,create,public,optional,beta,desktop-first,preview,P2,E09-creator-editor,creator-studio,샘플 작업 시작,desktop-h1-missing; visible-state:준비 중,625,643,0,2,"3D 공간 제작 방·배경·공간 구조 제작을 CreatorShell, 문서 보존, 능력 검사, 안전 모드와 명시적 모바일 정책으로 제공"
/studio/3d/dcc/cad,정밀 CAD 치수 기반 솔리드와 소품 설계,/studio/3d/dcc/cad,creator,immersive-editor,create,public,optional,beta,desktop-first,preview,P2,E09-creator-editor,creator-studio,샘플 작업 시작,desktop-h1-missing; visible-state:준비 중,623,724,0,2,"정밀 CAD 치수 기반 솔리드와 소품 설계을 CreatorShell, 문서 보존, 능력 검사, 안전 모드와 명시적 모바일 정책으로 제공"
/studio/3d/dcc/material,재질·UV 표면 재질과 UV 구성,/studio/3d/dcc/material,creator,immersive-editor,create,public,optional,beta,desktop-first,preview,P2,E09-creator-editor,creator-studio,샘플 작업 시작,"unnamed-interactions:7; visible-state:비어 있습니다,오류",2737,2590,7,4,"재질·UV 표면 재질과 UV 구성을 CreatorShell, 문서 보존, 능력 검사, 안전 모드와 명시적 모바일 정책으로 제공"
/studio/3d/dcc/model,3D 모델링 메시를 만들고 편집하는 기본 작업 모드,/studio/3d/dcc/model,creator,immersive-editor,create,public,optional,beta,desktop-first,preview,P2,E09-creator-editor,creator-studio,샘플 작업 시작,"unnamed-interactions:7; visible-state:비어 있습니다,없습니다,오류; failed-request:www.toonstudio.cloud",1307,3034,7,4,"3D 모델링 메시를 만들고 편집하는 기본 작업 모드을 CreatorShell, 문서 보존, 능력 검사, 안전 모드와 명시적 모바일 정책으로 제공"
/studio/3d/dcc/sculpt,3D 조형 브러시로 형태와 디테일 조형,/studio/3d/dcc/sculpt,creator,immersive-editor,create,public,optional,experimental,desktop-first,preview,P0,E00-route-stability,creator-studio,안전 모드로 조형 시작,"blank-or-no-content; desktop-h1-missing; desktop-load-error; unnamed-interactions:7; visible-state:비어 있습니다,오류; failed-request:www.toonstudio.cloud",0,2564,7,13,"GPU·메모리 검사, 저해상도 안전 모드, 샘플 구체, 실패해도 문서 런타임 보존"
/studio/3d/dcc/shot,컷·선화 카메라 컷과 비사실 렌더 설계,/studio/3d/dcc/shot,creator,immersive-editor,create,public,optional,beta,desktop-first,preview,P2,E09-creator-editor,creator-studio,샘플 작업 시작,"unnamed-interactions:7; visible-state:비어 있습니다,오류",1272,2568,7,4,"컷·선화 카메라 컷과 비사실 렌더 설계을 CreatorShell, 문서 보존, 능력 검사, 안전 모드와 명시적 모바일 정책으로 제공"
/studio/ai-lab,AI 실험실 사용자 키로 창작 추론 작업 실행,/studio/ai-lab,creator,editorial-landing,create,public,optional,experimental,responsive,full,P2,E10-ai-3d-runtime,creator-studio,개인 서버 연결,unnamed-interactions:4; visible-state:없습니다,723,598,4,1,AI 실험실 사용자 키로 창작 추론 작업 실행의 결과를 한 문장과 하나의 주 행동으로 이해하고 실제 기능·다음 경로로 진입
/studio/ai-runtime,개인 AI 런타임 직접 운영하는 추론 서버 연결,/studio/ai-runtime,creator,editorial-landing,create,public,optional,experimental,responsive,full,P2,E10-ai-3d-runtime,creator-studio,런타임 연결 확인,unnamed-interactions:18; visible-state:없습니다,869,744,18,10,개인 AI 런타임 직접 운영하는 추론 서버 연결의 결과를 한 문장과 하나의 주 행동으로 이해하고 실제 기능·다음 경로로 진입
/studio/ai-settings,Studio AI 설정 Studio 생성 도구의 연결과 모델 설정,/studio/ai-settings,creator,editorial-landing,create,public,none,stable,responsive,full,P2,E10-ai-3d-runtime,creator-studio,주요 경로 시작,"unnamed-interactions:14; visible-state:실패,없습니다,오류",3057,2933,14,3,Studio AI 설정 Studio 생성 도구의 연결과 모델 설정의 결과를 한 문장과 하나의 주 행동으로 이해하고 실제 기능·다음 경로로 진입
/studio/animation,애니메이션 작업실 프레임과 움직임을 편집,/studio/animation,creator,immersive-editor,create,public,optional,beta,desktop-first,review,P2,E09-creator-editor,creator-studio,애니메이션 시작,unnamed-interactions:5,535,1244,5,2,"애니메이션 작업실 프레임과 움직임을 편집을 CreatorShell, 문서 보존, 능력 검사, 안전 모드와 명시적 모바일 정책으로 제공"
/studio/bg3d,3D 배경 장면 배경과 카메라 구도 설계,/studio/bg3d,creator,immersive-editor,create,public,optional,beta,desktop-first,review,P0,E00-route-stability,creator-studio,샘플 장면 열기,blank-or-no-content; desktop-h1-missing; desktop-load-error; unnamed-interactions:3; visible-state:준비 중; failed-request:www.toonstudio.cloud,0,882,3,2,WebGL 사전 검사·샘플 장면·안전 모드·surface 격리 복구를 제공
/studio/brushes,Studio 브러시 작업 중 브러시를 선택하고 조정,/studio/brushes,creator,immersive-editor,create,public,optional,stable,desktop-first,full,P2,E09-creator-editor,creator-studio,샘플 작업 시작,unnamed-interactions:3; visible-state:없습니다,958,923,3,2,"Studio 브러시 작업 중 브러시를 선택하고 조정을 CreatorShell, 문서 보존, 능력 검사, 안전 모드와 명시적 모바일 정책으로 제공"
/studio/character,캐릭터 작업실 캐릭터 외형·표정·자세 제작,/studio/character,creator,immersive-editor,create,public,optional,beta,desktop-first,review,P2,E09-creator-editor,creator-studio,캐릭터 시작,"unnamed-interactions:3; visible-state:실패,없습니다,준비 중; failed-request:www.toonstudio.cloud",2909,795,3,2,"캐릭터 작업실 캐릭터 외형·표정·자세 제작을 CreatorShell, 문서 보존, 능력 검사, 안전 모드와 명시적 모바일 정책으로 제공"
/studio/character-convert,캐릭터 변환 2D 캐릭터를 제작용 형식으로 변환,/studio/character-convert,creator,workflow,create,public,optional,experimental,desktop-first,full,P2,E10-ai-3d-runtime,creator-studio,원본 선택,unnamed-interactions:3; visible-state:없습니다,1193,1068,3,2,캐릭터 변환 2D 캐릭터를 제작용 형식으로 변환을 단계형 자동 저장 흐름으로 완주하고 예상 조건·오류 위치·재개를 제공
/studio/ecosystem,창작 생태계 제작 도구·작업·리소스를 한곳에서 관리,/studio/ecosystem,creator,dashboard,create,public,optional,beta,responsive,full,P1,E10-ai-3d-runtime,creator-studio,다음 작업 열기,"unnamed-interactions:28; mobile-small-targets:55; visible-state:없습니다,오류",3626,3502,28,55,역할별 오늘 할 일·막힘·승인 대기·마감 위험을 우선하는 제작 운영 대시보드
/studio/ecosystem/viewer,생태계 뷰어 연결된 제작 자산과 흐름을 시각화,/studio/ecosystem/viewer,creator,dashboard,create,public,optional,beta,desktop-first,preview,P2,E10-ai-3d-runtime,creator-studio,다음 작업 열기,unnamed-interactions:1,349,224,1,2,생태계 뷰어 연결된 제작 자산과 흐름을 시각화에서 오늘 할 일·주의 상태·다음 행동을 먼저 보여주고 빈 상태에 샘플을 제공
/studio/engines,설치·라이선스 외부 실행기 설치와 사용 조건 확인,/studio/engines,creator,dashboard,create,public,optional,stable,responsive,full,P2,E10-ai-3d-runtime,creator-studio,다음 작업 열기,no-critical-initial-render-finding,5706,5582,0,26,설치·라이선스 외부 실행기 설치와 사용 조건 확인에서 오늘 할 일·주의 상태·다음 행동을 먼저 보여주고 빈 상태에 샘플을 제공
/studio/generate,생성 도구 연결 생성 기능의 연결 상태와 사용 조건 확인,/studio/generate,creator,workflow,create,public,optional,experimental,responsive,full,P2,E10-ai-3d-runtime,creator-studio,변환 입력 선택,unnamed-interactions:3,828,704,3,12,생성 도구 연결 생성 기능의 연결 상태와 사용 조건 확인을 단계형 자동 저장 흐름으로 완주하고 예상 조건·오류 위치·재개를 제공
/studio/jobs,처리 중 작업 무거운 제작 작업과 결과 영수증 관리,/studio/jobs,creator,dashboard,create,public,optional,stable,responsive,full,P2,E10-ai-3d-runtime,creator-studio,작업 상태 확인,"unnamed-interactions:2; visible-state:실패,없습니다",864,736,2,1,처리 중 작업 무거운 제작 작업과 결과 영수증 관리에서 오늘 할 일·주의 상태·다음 행동을 먼저 보여주고 빈 상태에 샘플을 제공
/studio/join,협업 참여 초대받은 공동 작업에 참여,/studio/join,creator,workflow,connect,sign-in,none,stable,responsive,full,P2,E08-creator-project,creator-studio,초안 시작,"desktop-h1-missing; mobile-h1-missing; visible-state:실패,없습니다",757,632,0,1,협업 참여 초대받은 공동 작업에 참여을 단계형 자동 저장 흐름으로 완주하고 예상 조건·오류 위치·재개를 제공
/studio/lift3d,2D → 3D 변환 이미지 소재를 3D 장면으로 확장,/studio/lift3d,creator,workflow,create,public,optional,experimental,desktop-first,full,P2,E10-ai-3d-runtime,creator-studio,원화 선택,unnamed-interactions:10; visible-state:없습니다,858,733,10,10,2D → 3D 변환 이미지 소재를 3D 장면으로 확장을 단계형 자동 저장 흐름으로 완주하고 예상 조건·오류 위치·재개를 제공
/studio/manual,Studio 사용 설명서 도구·작업 흐름·문제 해결 안내,/studio/manual,creator,editorial-landing,create,public,optional,stable,responsive,full,P2,E10-ai-3d-runtime,creator-studio,주요 경로 시작,visible-state:오류,1780,1427,0,24,Studio 사용 설명서 도구·작업 흐름·문제 해결 안내의 결과를 한 문장과 하나의 주 행동으로 이해하고 실제 기능·다음 경로로 진입
/studio/poser,포즈 스튜디오 인체 포즈와 구도 참고 만들기,/studio/poser,creator,immersive-editor,create,public,optional,beta,desktop-first,review,P1,E09-creator-editor,creator-studio,샘플 포즈 열기,desktop-h1-missing; mobile-h1-missing; visible-state:준비 중; failed-request:www.toonstudio.cloud,473,30,0,0,"샘플 인체 즉시 표시, 대체 모델, 관절·손·시선·발 접지·다중 인물 조작"
/studio/present,발표 모드 작업을 발표용 화면으로 확인,/studio/present,creator,dashboard,connect,project,required,stable,responsive,full,P1,E08-creator-project,creator-studio,발표 시작,desktop-h1-missing; mobile-h1-missing; visible-state:없습니다,526,402,0,1,"프로젝트 선택, 컷 목록, 비율, 전체 화면, 노트, 자동 재생을 제공"
/studio/projects,프로젝트 목록 기존 프로젝트를 찾아 이어서 작업,/studio/projects,creator,dashboard,manage,public,optional,stable,responsive,full,P1,E08-creator-project,creator-studio,프로젝트 열기,desktop-h1-missing; mobile-h1-missing; unnamed-interactions:9; visible-state:없습니다,1189,1064,9,7,검색·상태·역할·최근 수정·썸네일·동기화·다음 행동이 있는 프로젝트 허브
/studio/publish,Studio 게시 완성한 초안의 게시 준비,/studio/publish,creator,workflow,create,project,required,stable,responsive,full,P2,E08-creator-project,creator-studio,게시 준비 확인,unnamed-interactions:2; visible-state:오류,624,500,2,3,Studio 게시 완성한 초안의 게시 준비을 단계형 자동 저장 흐름으로 완주하고 예상 조건·오류 위치·재개를 제공
/studio/review,리뷰·승인 작업을 검수하고 의견 반영,/studio/review,creator,dashboard,connect,project,required,stable,responsive,full,P1,E08-creator-project,creator-studio,검토 시작,visible-state:없습니다,499,566,0,1,위치 고정 댓글·담당·상태·변경 비교·승인/수정 요청 흐름
/studio/share,공유 설정 링크와 협업 권한 관리,/studio/share,creator,dashboard,connect,project,required,stable,responsive,full,P1,E08-creator-project,creator-studio,협업자 초대,desktop-h1-missing; mobile-h1-missing; visible-state:없습니다,797,481,0,1,권한표·링크 만료·비밀번호·접근 기록과 공유 불가 상태의 해결 경로
/studio/storyworld,스토리월드 인물·장소·설정의 관계 정리,/studio/storyworld,creator,dashboard,create,project,required,beta,responsive,full,P2,E10-ai-3d-runtime,creator-studio,다음 작업 열기,visible-state:오류,1508,1306,0,15,스토리월드 인물·장소·설정의 관계 정리에서 오늘 할 일·주의 상태·다음 행동을 먼저 보여주고 빈 상태에 샘플을 제공
/studio/toolchain,제작 도구 효과·OCR·영상·3D·출판 흐름 연결,/studio/toolchain,creator,dashboard,create,public,optional,stable,responsive,full,P2,E10-ai-3d-runtime,creator-studio,다음 작업 열기,no-critical-initial-render-finding,1201,1077,0,2,제작 도구 효과·OCR·영상·3D·출판 흐름 연결에서 오늘 할 일·주의 상태·다음 행동을 먼저 보여주고 빈 상태에 샘플을 제공
/studio/versions,버전·복구 저장 이력과 복구 지점 관리,/studio/versions,creator,dashboard,manage,project,required,stable,responsive,full,P1,E08-creator-project,creator-studio,복구 지점 보기,desktop-h1-missing; mobile-h1-missing; visible-state:없습니다,684,560,0,1,로컬·서버를 구분한 타임라인·비교·복구 전 체크포인트
/support,이용 문의 서비스 이용 도움받기,/support,docs,document,trust,public,none,stable,responsive,full,P1,E11-docs-trust,legal-support,문제 해결 경로 찾기,unnamed-interactions:1; mobile-small-targets:40,2413,1948,1,40,공개 피드백과 분리된 문제 진단·비민감 정보 복사·개인 지원 경로
/tags,태그로 찾기 인기·유사 태그 탐색,/tags,browse,collection,discover,public,none,stable,responsive,full,P1,E03-discovery-data,catalog-discovery,태그 찾기,mobile-small-targets:5920; visible-state:실패,54806,54559,0,5920,수천 태그 동시 렌더를 제거하고 검색·클러스터·관련 태그·가상화를 제공
/terms,이용약관 서비스 이용 조건,/terms,docs,document,trust,public,none,stable,responsive,full,P3,E11-docs-trust,legal-support,관련 절 찾기,no-critical-initial-render-finding,1509,1304,0,29,이용약관 서비스 이용 조건을 쉬운 말 요약·목차·갱신일·딥 링크·관련 행동이 있는 읽기 중심 문서로 재구성
