category,component,baseline,maturity,v12_role,vello_relationship,interop,workloads,promotion_gate,fallback,risk,license,source
Vello core,Vello Hybrid / Sparse Strips,0.2.0,초기·API 불안정,Studio Max 기본 2D 장면 허브 후보,직접 주력,"동일 wgpu Device의 외부 Texture, Scene::draw_texture_rects",벡터+이미지+텍스트+레이어+간단 필터 혼합 장면,"CanvasKit 기준 대비 시각 diff 허용치 통과, 해당 workload p95 15% 이상 우위, 8시간 soak",Vello Classic 또는 CanvasKit,"CPU 전처리 비용, 기능 동등성 미완성, API 변경",MIT OR Apache-2.0,https://github.com/linebender/vello/releases
Vello core,Vello Classic,0.9.0,알파,경로 수가 많고 매 프레임 변경되는 벡터 아일랜드,직접 주력,wgpu Texture 직접 출력,선화·컷·효과선·가이드·대량 Path,"10만~100만 Path corpus에서 Hybrid/CanvasKit 대비 우위, 아티팩트 0 blocker",Vello Hybrid / CanvasKit,"conflation 아티팩트, 메모리 전략, 필터 제한",MIT OR Apache-2.0,https://github.com/linebender/vello
Vello core,Vello CPU,0.2.0,광범위 사용 가능·API 불안정,결정적 기준 렌더·썸네일·시각 회귀·GPU 장애 복구,기준 백엔드,CPU pixmap / Worker,"골든 이미지, export preview, headless verification","동일 SceneIR 반복 렌더 hash 안정, CPU 메모리 한도 통과",CanvasKit software / resvg,대형 실시간 장면 처리량,MIT OR Apache-2.0,https://github.com/linebender/vello/releases
Vello core,Vello Sparse Shaders,0.2.0,내부 구현·API 불안정,Hybrid GPU strip raster와 compositing 기반,직접 종속,wgpu shader pipeline,Sparse strip 렌더,브라우저별 shader corpus와 seam/NaN 검사,Classic shaders / CanvasKit,업스트림 변경 빈도,MIT OR Apache-2.0,https://github.com/linebender/vello/releases
Vello ecosystem,Glifo,0.3.0,초기,글리프 아틀라스와 반복 텍스트 캐시,텍스트 자원 가속,Vello Common resources,말풍선·효과음·UI·타임라인 텍스트,CJK 10만 glyph 장면에서 cache hit/메모리/시각 동등성 통과,CanvasKit Paragraph cache,"API 변경, 일부 글리프 형식",MIT OR Apache-2.0,https://github.com/linebender/vello/releases
Geometry,Kurbo,0.13.1,활성·핵심 기반,ToonStudio 공통 2D 기하 언어,Vello native geometry,Rust 공통 메모리,"Bezier, stroke outline, trim, intersection, guides",정밀도 corpus·fuzz·CSP 벡터 편집 동선 통과,Lyon / Bezier.js 보조,복잡 Boolean은 별도 엔진 필요,MIT OR Apache-2.0,https://github.com/linebender/kurbo
Paint,Peniko,0.6.1,활성·Vello 기반,Paint·Gradient·Image·Blend 공통 표현,Vello native paint,Rust 공통 IR adapter,벡터 스타일·그라데이션·이미지 브러시,CanvasKit/PSD blend corpus 색상 동등성,Toon PaintIR,모든 CSP appearance 의미를 직접 포함하지 않음,MIT OR Apache-2.0,https://github.com/linebender/peniko
Color,Linebender Color,0.3.3,활성,광색역·CSS Color 4·ACES/ProPhoto 색 변환,Peniko/Vello 색상 기반,ColorIR bridge,UI 색상·작업 색공간·wide gamut,OCIO/LCMS reference deltaE 허용치 통과,Color.js/Culori + LCMS,인쇄 CMYK는 별도 파이프라인 필요,MIT OR Apache-2.0,https://github.com/linebender/color
Text,Parley,0.11.0,활성,다국어 문단·말풍선·줄바꿈·편집 레이아웃,Vello glyph layout source,TextIR → glyph runs,"CJK 대사, 번역, irregular balloon flow",CSP/브라우저 기준 line break·IME·대형 문단 검증,CanvasKit Paragraph / HarfBuzz,세로쓰기·루비 일부 확장 필요,MIT OR Apache-2.0,https://github.com/linebender/parley/releases
Text,Fontique + HarfRust + Skrifa + ICU4X,Parley pinned set,활성,폰트 탐색·shaping·outline·언어 분절,Parley/Glifo 하위 기반,Rust 공통 메모리,한중일·아랍어·이모지·변수 폰트,문자권별 golden corpus·font fallback·vertical extension 검사,HarfBuzz WASM,폰트 플랫폼 차이,각 프로젝트 고지,https://github.com/linebender/parley
UI,Xilem,0.4.0,알파,Canvas-native 고주파 UI의 선언형 diff 실험,Vello 기반 UI island,xilem_core/Masonry event bridge,펜 디스플레이 HUD·타임라인·브러시 커서,React DOM 대비 input latency·accessibility·IME 동률 이상,React 19 + Vello overlay,"웹/접근성/IME 완성도, breaking changes",MIT OR Apache-2.0,https://github.com/linebender/xilem/releases
UI,Masonry,Xilem 0.4.0 계열,알파,retained widget tree·명시적 invalidation·테스트 구조,Vello UI render 기반,CanvasWidgetIR,선택 핸들·패널 dock preview·light table controls,event replay·dirty repaint·AccessKit gate,React Aria/Radix,브라우저 DOM 통합 비용,MIT OR Apache-2.0,https://github.com/linebender/xilem
SVG,vello_svg,0.10.0,대화형 SVG용,편집 중 SVG를 Vello Scene Fragment로 변환,직접 장면 편입,usvg → Vello Scene,장식·말풍선·브러시 팁·아이콘,지원 feature scanner + resvg visual diff,resvg/ThorVG,완전 SVG 정확성 목표가 아님,MIT OR Apache-2.0,https://github.com/linebender/vello_svg
Animation,Velato,Vello 0.9 호환 계열,부분 Lottie 지원,Lottie를 Vello 장면으로 편입,직접 장면 편입,Lottie → Vello scene fragment,UI·효과음·컷 전환·애니메이션 팁,Lottie feature scanner와 ThorVG/Skottie 비교,ThorVG / CanvasKit Skottie,텍스트·이미지·고급 effect 일부 미지원,MIT OR Apache-2.0,https://github.com/linebender/velato
Interactive stage,bevy_vello,0.13.1 / Vello 0.7 계열,커뮤니티 통합,선택형 2D·3D 인터랙티브 Stage 연구,Vello scene in Bevy,별도 feature island,모캡 미리보기·발표·게임형 웹툰,Vello 0.9/Hybrid port와 WebGPU browser gate,Three.js + Vello overlay,"Vello 버전 지연, web compute 제한",MIT OR Apache-2.0,https://github.com/vectorgameexperts/bevy_vello
GPU substrate,wgpu,30.0.0 experimental track / Vello upstream 29,활성·성숙,단일 GPUDevice·Queue·자원·프로파일링 허브,Vello fork 기반,"as_webgpu, create_texture_from_webgpu_handle, pipeline cache",전체 GPU fabric,"Vello fork compile, same-device zero-copy, device-loss/allocator reports",upstream Vello wgpu29 build,Vello upstream과 버전 차이,MIT OR Apache-2.0,https://github.com/gfx-rs/wgpu/releases
Shader,WESL / wesl-rs,0.4.1,활성·발전 중,모듈형 WGSL·BrushGraph/EffectGraph 변형 컴파일러,Vello/custom pass shader ecosystem,WESL → WGSL → Naga/wgpu validation,브러시·필터·파티클·재질 shader,"모든 variant compile, Naga validation, pipeline count/jank 감소",정적 WGSL,"언어/도구 변경, plugin shader 안전",MIT OR Apache-2.0,https://github.com/webgpu-tools/wesl-rs
Shader,Naga,wgpu 30 내장,성숙,WGSL validation·reflection·backend translation,Vello/wgpu shader 검증,Rust compile pipeline,shader safety·CI,fuzz·malformed plugin shader 차단,browser WebGPU validation,backend별 차이,MIT OR Apache-2.0,https://github.com/gfx-rs/wgpu
C++ WebGPU,Dawn / Emdawnwebgpu,pinned source SHA,활성·WASM 패키지 제공,Google Ink·Skia Graphite·ThorVG C++ 모듈의 WebGPU 접속,동일 GPUDevice 공유 challenger,WGPUDevice/WGPUTexture handles,C++ next-gen providers,"same-device texture exchange, queue ordering, no copy, 8h soak",CPU mesh + Rust wgpu upload,nightly package·header 변화·수명 관리,BSD-3-Clause,https://dawn.googlesource.com/dawn/+/refs/heads/main/src/emdawnwebgpu/
Raster challenger,Skia Graphite + Dawn,pinned Skia SHA,브라우저/WASM 고위험 실험,효과·오버드로우·다중 스레드 래스터 challenger,렌더 아일랜드 경쟁 및 Vello 최종 합성,same WebGPUDevice 또는 texture exchange,래스터 브러시·필터-heavy·UI tile,"CanvasKit Ganesh/Vello 대비 20% 우위, compile/device-loss/visual gates",CanvasKit Ganesh / Vello Hybrid,"WASM build issue, Dawn backend device-loss, API 변화",BSD-3-Clause,https://blog.chromium.org/2025/07/introducing-skia-graphite-chromes.html
Stable raster,CanvasKit / Skia Ganesh,pinned stable build,검증된 생산 기준,기준 raster·Paragraph·SkSL·ImageFilter·출력,reference/challenger/fallback,large island texture/image,"일반 raster, CJK fallback, deterministic comparison",항상 기준선 유지,Skia software,WASM 크기·별도 GPU context,BSD-3-Clause,https://skia.org/docs/user/modules/canvaskit/
Ink,Google Ink,pinned main commit,잘 테스트된 코어·API 불안정,최고급 mesh 기반 전문 잉킹,메시 직접 pass + Vello 편집 프록시/합성,"C++ WASM, Emdawnwebgpu 또는 mesh delta",G펜·매핑펜·붓펜·캘리그래피,CSP 최신 안정판 대비 blind preference/latency/mesh edit gate,Perfect Freehand + Kurbo + Vello,"공식 웹 래퍼 부재, 렌더 유틸 Android 중심",Apache-2.0,https://github.com/google/ink
Vector challenger,ThorVG.Web,pinned main/release,생산 지향·WebGPU API 일부 실험,SVG·Lottie·partial redraw·WebGPU/WebGL challenger,파일/장면별 경쟁 후 Vello 합성,WGPUTexture target 또는 WASM Canvas,소형 애니메이션·SVG·UI scene,feature completeness·smart render·Vello/Skottie 비교,vello_svg/Velato/CanvasKit,"WebGPU API 실험, 엔진별 결과 차이",MIT,https://github.com/thorvg/thorvg.web
Reference,resvg + tiny-skia,pinned stable,성숙,SVG 정확성·CPU 골든 기준,visual reference,CPU pixmap,SVG export/validation,reference only,CanvasKit software,실시간 동적 장면 부적합,MIT OR Apache-2.0,https://github.com/linebender/resvg
Natural media,libmypaint,pinned stable,장기간 검증,MYB 호환 자연매체 기준·스머지,타일 결과를 Vello texture로 합성,WASM Worker tile patches,연필·수채·유화·혼색,"MyPaint reference와 parity, 1000px brush throughput",Hokusai / CanvasKit textured dab,CPU/WASM 경계·GPU 합성 비용,ISC,https://github.com/mypaint/libmypaint
Natural media,Hokusai,pinned commit,초기·Rust/WASM 친화,차세대 Rust 자연매체·spectral mixing challenger,타일 결과 Vello 합성,Rust/WASM tile surface,MYB·스머지·spectral pigment,libmypaint 대비 품질 동률+20% 처리량/통합 우위,libmypaint,프로젝트 성숙도·프리셋 호환,MIT OR Apache-2.0,https://github.com/reearth/hokusai
Image analysis,OpenCV.js,pinned stable,성숙,선택·형태학·라인 추출·추적·인페인팅 분석,mask/path 결과를 Vello로 편입,Worker + SAB/ImageData,스마트 선택·채우기·선화 정리,latency/memory and no-main-thread gate,GEGL/custom Rust,"WASM 크기, 일부 연산 CPU 병목",Apache-2.0,https://docs.opencv.org/
Large image,libvips / wasm-vips,pinned stable,성숙,초대형 이미지·리사이즈·피라미드·export,저빈도 final provider,Worker/ToonBridge,8K+·30k webtoon·batch export,memory/throughput vs CanvasKit reference,Skia CPU,WASM bundle·LGPL components notice,LGPL-2.1+ core / wrapper notices,https://github.com/libvips/libvips
Filter ecosystem,G’MIC + GEGL,pinned stable / bridge,성숙·대형 생태계,예술·복원·특수 필터와 비파괴 그래프 provider,final tile/texture 결과를 Vello 합성,dynamic Worker/ToonBridge,대규모 filter catalog,"license isolation, cancel/progress, visual samples, memory",CanvasKit/OpenCV/custom EffectGraph,GPL 계열 배포·번들 크기·실시간성,각 라이선스에 따라 격리,https://gmic.eu/
3D,Three.js + three-vrm + Rapier,pinned stable,성숙,3D·VRM·물리·보조 패스,line/depth/normal/ID texture와 Vello overlay,same canvas island 또는 texture bridge,포즈·배경·3D→2D,"camera/ID/depth pass latency, context loss, 8h soak",Babylon.js/CPU export,별도 GPU context 가능성,MIT / Apache-2.0,https://github.com/mrdoob/three.js
