archive/main-after-preservation-merges-20260903	already-ancestor	f8e54c42afc3e4e595c1864444dfa2e48848cf42
archive/pr-595-emotion-bubbles-premerge-20260903	history-only	7b018b1cf04dfc43368b754fb49c4b4873206ead
archive/pr-596-platform-preflight-premerge-20260903	history-only	df17f4e4b97044116511e9db2711850882a80b6f
archive/pr-598-service-worker-check-premerge-20260903	history-only	cdc83a6e6ea7f27c86c8dab79b72271d43d0fe04
archive/pr-599-full-head-premerge-20260903	history-only	cd2e9cf3933ee2b0d3945360e768240537c20539
archive/pr-599-main-core-repair-premerge-20260903	already-ancestor	cd2e9cf3933ee2b0d3945360e768240537c20539
archive/pr-603-full-head-premerge-20260903	history-only	8d17da8aa8506584452721598603008ff6689c30
archive/pr-604-soak-harness-premerge-20260903	history-only	ee866cfd144ca112f6f1b5270af273602d868015
archive/pr-605-marketplace-wiring-premerge-20260903	history-only	ae8919d9632c66731f66e7b6dba327986c0fcc2e
archive/pr-606-marketplace-hardening-premerge-20260903	history-only	7ad88ff0e628972b6945a098c925d2b5b867e283
archive/pr-607-marketplace-regressions-premerge-20260903	already-ancestor	8d17da8aa8506584452721598603008ff6689c30
integration/lossless-all-remote-branches-20260903	history-only	b6caf62cd072c2ba21e5726281f73177e9e92829
integration/preserve-open-work-20260903	already-ancestor	521ba72f89f9a5b08bcad65d4518efce9d1536d4
integration/preserve-pr603-unique-20260903	already-ancestor	f8e54c42afc3e4e595c1864444dfa2e48848cf42
